id;name;start_date;end_date;url;user_id
1;Checking unleash hacking;2021-12-09T08:25:44;2021-12-08T20:14:09;http://mahaut.com;51265
2;transmitter;2021-12-09T03:50:51;2021-12-09T05:55:47;https://aaron.eu;32828
3;Éthiopie;2021-12-09T04:08:20;2021-12-09T06:58:12;https://azalée.net;27114
4;functionalities;2021-12-09T04:07:07;2021-12-09T05:34:28;http://amalthée.fr;97172
5;synergies Plastic;2021-12-09T05:48:46;2021-12-09T13:22:19;http://noé.name;82355
6;Provence-Alpes-Côte synthesizing Fish;2021-12-09T04:07:53;2021-12-09T11:06:57;http://adolphie.org;38920
7;Cotton;2021-12-09T17:01:12;2021-12-09T12:33:01;https://rodolphe.name;69937
8;bypassing calculating Account;2021-12-08T20:23:48;2021-12-09T01:14:37;https://armine.info;47160
9;Midi-Pyrénées copy Re-engineered;2021-12-08T21:39:33;2021-12-09T05:36:26;https://olivier.fr;12670
10;e-markets;2021-12-09T06:42:10;2021-12-09T01:32:42;http://hippolyte.com;6179
