id;name;url;photograph;comment;nb_votes;note
1;productize;https://clio.org;adapter;Saint-Séverin a;47650;54573
2;Architecte Borders b;https://benjamin.org;Cotton Lats lime;Books Jewelery;1269;3359
3;interface auxiliary;http://christiane.net;Soft;Havre Savings Afghanistan;77696;74885
4;Music bus SMS;http://almine.com;array PCI;b;79596;45045
5;Auto turquoise b;https://ariel.fr;Streamlined Visionary Pants;gold;30532;96969
6;Steel parsing;https://aglaé.net;Monsieur-le-Prince c Stand-alone;eco-centric Sausages;56996;81670
7;Checking firewall;https://claude.name;a productivity;XML black Rubber;58878;20664
8;navigating override Buckinghamshire;https://gonthier.info;incremental synthesize;channels;90238;72519
9;Sausages a generate;http://lorraine.eu;definition;transmitter Beauty face;68102;63607
10;a;https://chrétien.org;innovative Wooden;bluetooth Bedfordshire;16211;31494
